# 출처: 네이버 블로그 "부산맛집리스트 100" (작성자 미누, 2026년판, 9번째 리스트)
# 성격: 18년차 부산 현지 맛집 블로거의 개인 선정. 순위 없음. 최근 1년 내 직접 방문한 곳만.
#       작성자 본인이 "미쉐린가이드 블루리본 부산의맛 등 평가기관의 평가에 전혀 신경쓰지 않은
#       순수 부산 현지인으로서 솔직한 추천" 이라고 밝힘 → 다른 정답지와 독립적인 표다.
# 수집: 사람이 공개 페이지를 눈으로 읽고 손으로 옮김. 자동수집 아님.
# 수집일: 2026-09-07
# 용도: 내부 채점표(정답지)로만 사용. 앱 빌드에 넣지 않는다.
# 컬럼: 번호	상호	주소	예약수단
1	새미골 해물아구찜	부산시 동래구 안남로 37
2	이가해물짬뽕	부산 남구 유엔평화로 119
3	감수식당	부산 남구 지겟골로 5
4	제로베이스	부산 수영구 민락로33번길 17	캐치테이블예약
5	부산명물횟집	부산 중구 자갈치해안로 55
6	거대돼지국밥	부산 해운대구 달맞이길 16-2	캐치테이블원격대기
7	사카나라멘	부산 수영구 수영로610번길 7	캐치테이블웨이팅
8	만서리 이가네 막국수	부산 금정구 식물원로 27
9	saan 산	부산 수영구 민락로6번길 17	캐치테이블예약
10	이안	부산 해운대구 달맞이길65번길 88	캐치테이블예약
11	하레마	부산 해운대구 마린시티2로 33 지하1층	캐치테이블예약
12	포구나무집	부산 금정구 조리2길 13-7
13	야키토리 온정	부산 부산진구 동천로108번길 9-7	캐치테이블예약
14	태화반점	부산 남구 분포로 115	캐치테이블예약
15	모리	부산 해운대구 구남로 21 경동리인뷰 311호	캐치테이블예약
16	동경밥상	부산 수영구 남천바다로 34-6	캐치테이블대기
17	스시 승후	부산시 수영구 광남로213번길 6
18	고민끝에여기	부산 영도구 중리북로29번길 12
19	갯마을횟집	부산 부산진구 동천로107번길 24
20	복계옥	부산 동구 중앙대로236번길 10	캐치테이블웨이팅
21	백일평냉	부산 수영구 남천바다로10번길 29	캐치테이블웨이팅
22	합천일류돼지국밥	부산 사상구 광장로 34
23	참맛대게	부산 부산진구 백양대로60번길 36-4
24	무진장횟집	부산 기장군 기장읍 연화1길 137
25	율링	부산 해운대구 달맞이길62번길 28	캐치테이블예약
26	지즈	부산 부산진구 서전로58번길 34-1	캐치테이블예약
27	차애전할매칼국수	부산시 연제구 과정로191번가길 70	캐치테이블대기
28	원조꼬리곰집	부산 동래구 온천장로 52
29	톤쇼우 광안점	부산시 수영구 광안해변로279번길 13	캐치테이블대기
30	브런치식당 소보	부산 수영구 민락로6번길 46-4	캐치테이블대기
31	기장손칼국수	부산 부산진구 서면로 56
32	바오하우스	부산 부산진구 서전로38번길 62-9	캐치테이블대기
33	깃발집 국수전골	부산 해운대구 대천로 38
34	육화목	부산 해운대구 좌동순환로8번길 78	캐치테이블예약
35	해운대 암소갈비집	부산 해운대구 해운대해변로 333	캐치테이블대기
36	청송양곱창	부산 수영구 남천동로108번길 8
37	김유순대구뽈찜	부산 남구 진남로 15
38	데부	부산 북구 덕천2길 98-1	캐치테이블예약
39	오스테리아어부	부산 해운대구 해운대로570번길 23 3층	캐치테이블예약
40	뉴숯불통닭	부산 금정구 금강로335번길 55	테이블링대기
41	본앤브래드 해운대	부산 해운대구 해운대해변로 296 지하	캐치테이블예약
42	뺀데호	부산 수영구 수영로582번길 36	캐치테이블예약
43	성태	부산 동구 초량상로 82
44	연산닭도리탕	부산 연제구 과정로 236
45	피오또	부산 해운대구 달맞이길117번가길 219	캐치테이블예약
46	미소오뎅	부산 남구 유엔평화로10번길 9
47	빌리버거	부산 해운대구 달맞이길117번나길 63
48	서울왕돈까스	부산 연제구 거제천로 207
49	오엘스 에스프레소바	부산 해운대구 달맞이길117번나길 55
50	이세계	부산 부산진구 동천로107번길 25	캐치테이블웨이팅
51	합천국밥집	부산 남구 용호로 235
52	화륵	부산 수영구 민락로19번길 6-4	캐치테이블웨이팅
53	쥬가정효	부산 해운대구 해운대로 620 라뮤에뜨 3층	캐치테이블예약
54	솔탭하우스	부산 수영구 광안해변로 153 4층	캐치테이블예약
55	손내향미	부산 부산진구 동성로30번길 4	캐치테이블예약
56	소담 한우&한돈	부산 수영구 무학로10번길 27	캐치테이블예약
57	타라코소바	부산 해운대구 해운대해변로359번길 27
58	동백횟집	부산 기장군 일광로 530
59	석정갈비	부산 동래구 중앙대로1367번길 72	캐치테이블웨이팅
60	쿠지라스토랑	부산 수영구 무학로49번길 71
61	곰솔농원	부산 기장군 철마면 곰내길 164
62	로바타아키	부산 부산진구 동천로85번길 8	캐치테이블예약
63	백팥집	부산 동래구 중앙대로1367번길 22-8
64	하선집	부산 해운대구 좌동순환로 395	캐치테이블예약
65	신흥반점	부산 서구 충무대로 284-1
66	금당식당	부산시 해운대구 반여로155번다길 29-4
67	부제비	부산 부산진구 서전로38번길 43-8	테이블링대기
68	야키쵸리	부산 부산진구 전포대로223번길 14-2
69	소베	부산 기장군 기장읍 동부산관광1로 60	캐치테이블예약
70	엘부스바이 수블	부산 해운대구 달맞이길62번길 49 3층	캐치테이블예약
71	청산곱창	부산 해운대구 선수촌로 86-10
72	야키토리 해공	부산 수영구 민락본동로19번길 30-5	캐치테이블예약
73	덩굴아나고	부산 수영구 황령대로 483-7
74	도핀느	부산 해운대구 우동1로50번길 5	캐치테이블예약
75	소공간 다이닝	부산 해운대구 해운대해변로298번길 47	캐치테이블예약
76	뉴러우멘관즈	부산 수영구 수영로388번길 25-4
77	토오루	부산 해운대구 구남로 21 경동리인뷰2차 301동	캐치테이블예약
78	대지숯불갈비	부산 동구 범일로89번길 20
79	신도마켓&신도랩	부산 수영구 광안동 94-1	캐치테이블예약
80	르도헤	부산 해운대구 마린시티3로 37	캐치테이블예약
81	팔레트	부산 해운대구 달맞이길65번길 154	캐치테이블예약
82	동백섬횟집	부산 해운대구 해운대해변로209번나길 17
83	아우트로바이비토	부산 수영구 민락본동로19번길 18	캐치테이블예약
84	코듀로이펠라즈	부산 수영구 민락본동로11번길 53	캐치테이블예약
85	초원복국 본점	부산 남구 황령대로492번길 30
86	서가원 국수	부산 연제구 반송로 68	테이블링대기
87	귀화식당	부산 동래구 중앙대로1367번길 18	캐치테이블예약
88	쇼진	부산 해운대구 구남로 9 라마다앙코르호텔 2층	캐치테이블예약
89	코르파스타바	부산 부산진구 동성로25번길 13	캐치테이블예약
90	삼오불고기	부산 수영구 수영로610번길 24-2
91	기장곰장어 본점	부산 해운대구 좌동로91번길 19	캐치테이블예약
92	프리윌피자	부산 부산진구 전포대로224번길 26	캐치테이블대기
93	광성	부산 연제구 과정로191번가길 62
94	길목화로	부산 남구 용소로7번길 28-1	캐치테이블예약
95	배종관 동래삼계탕	부산시 동래구 동래로116번길 39
96	두루미	부산 수영구 남천바다로 38-10	캐치테이블대기
97	누오토	부산 수영구 수영로652번길 68-2	캐치테이블예약
98	모모스커피	부산 금정구 오시게로 20
99	태경생태탕	부산 연제구 거제대로286번길 16
100	집중호우	부산 사하구 하신번영로300번길 100-2	캐치테이블예약
특별	프랑스과자점 브리앙	부산 동래구 온천장로119번길 26	2026-08-31 영업종료·서울이전
