# 출처: 미쉐린 가이드 한국 — Busan 그리고 주변 (57 레스토랑, 1~2페이지 전체)
# 수집: 사람이 공개 페이지를 눈으로 읽고 손으로 옮김. 자동수집 아님.
# 수집일: 2026-09-07
# 용도: 내부 채점표(정답지)로만 사용. 앱 빌드에 넣지 않는다.
# 컬럼: 상호	가격대	음식종류	비고
정짓간	₩	돼지국밥	테이블예약
아르프	₩	비건	테이블예약
1969 부원동 칼국수	₩	칼국수
평산옥	₩	한식	테이블예약
코르 파스타바	₩	이탤리언
합천국밥집	₩	돼지국밥
바오하우스	₩	타이완
야키토리 온정	₩	야키토리
잔둔가	₩	멕시칸
굿모닝홍콩	₩₩	중식	테이블예약
뫼밀집	₩	메밀국수	테이블예약
백일평냉	₩	냉면	테이블예약
한월관	₩	곰탕	테이블예약
진돼지곰탕	₩	곰탕	테이블예약
언양불고기 부산집	₩₩	불고기	테이블예약
미락슈퍼	₩₩	크리에이티브	테이블예약
마츠자키	₩₩	일식	테이블예약
울트라 바이트	₩	컨템퍼러리	테이블예약
아웃트로 바이 비토	₩₩	유러피언	테이블예약
레썽스	₩₩	프렌치	테이블예약
차애전 할매 칼국수	₩	칼국수
르도헤	₩₩₩	코리안 컨템퍼러리
송헌집	₩	한식
비비재	₩	비빔밥
동경밥상	₩	장어
안목	₩	돼지국밥
피리피리	₩	타이
평양집	₩	만두
뉴러우멘관즈	₩	타이완
양경옥	₩	냉면	New
이와	₩₩	일식
융캉찌에	₩	국수
제로 베이스	₩₩₩	일식
나막집	₩	돼지국밥
델리봉	₩₩₩	프렌치
램지	₩₩₩	모던 요리
야키토리 해공	₩₩	야키토리	테이블예약
해목	₩₩	일식	테이블예약
나가하마 만게츠	₩	라멘	테이블예약
슌사이 쿠보	₩	장어	테이블예약
우나쥬	₩	장어	테이블예약
소공간	₩₩	코리안 컨템퍼러리	테이블예약
차오란	₩₩₩	중식
피오또	₩₩₩	이탤리언 컨템퍼러리
팔레트	₩₩₩₩	컨템퍼러리
모리	₩₩₩	일식
부다면옥	₩	냉면
모먼트 로컬	₩₩₩	스테이크하우스	New
거대 돼지국밥	₩	돼지국밥	New
이안	₩₩₩	컨템퍼러리
본 앤 브레드	₩₩₩₩	스테이크하우스
토오루	₩₩₩	일식
율링	₩₩₩	프렌치 컨템퍼러리
금수복국	₩₩	복어
딤타오	₩₩	딤섬
으뜸 이로리바타	₩₩₩	일식
해운대 암소갈비집
